Id,Label
5097316,ROSE
5098095,JACK
5097875,CAL
5098619,MOLLY
5098545,SMITH
5101061,LIGHTOLLER
5096969,LOVETT
5097941,LOVEJOY
5098606,ANDREWS
5097894,RUTH
5098041,OLD ROSE
5096948,BODINE
5098128,FABRIZIO
5098463,WOMAN
5098583,ISMAY
5101981,MURDOCH
5100134,STEWARD
5097212,BUELL
5101285,FLEET
5101840,LEE
5100235,SIR COSMO
5098242,MOODY
5102690,STEWARD #2
5099090,GRACIE
5098717,TOMMY
5097994,MAN
5101041,BRIDE
5098541,FIRST OFFICER MURDOCH
5098267,ROWE
5099110,COLONEL GRACIE
5103242,HITCHINS
5097505,LIZZY
5099096,MASTER AT ARMS
5102237,STEWARD BARNES
5102267,HUTCHINSON
5103072,LOWE
5096932,ANATOLY
5097262,ANNOUNCER
5102009,BARRETT
5101998,BELL
5099349,BROCK
5097161,CAMERAMAN
5097296,CNN REPORTER
5102841,CREWMAN
5097979,DANIEL
5105151,FATHER BYLES
5102317,GENTLEMAN
5100327,GUGGENHEIM
5102924,HARTLEY
5099499,HELGA
5104295,HUSBAND
5103789,IDA
5106033,IMMIGRATION OFFICER
5105104,JOUGHIN
5102992,LITTLE BOY
5100274,MADELEINE
5099903,MARVIN
5105174,MOTHER
5098082,OLAF
5103330,OPERATOR
5101750,PHILLIPS
5097915,PORTER
5098193,PUBKEEPER
5097320,REPORTER
5102617,SEAMAN
5098088,SVEN
5099267,TRANSITION
5098417,TRUDY
5100333,WAITER
5102939,WOMAN IN CROWD
